{
  "project_info": {
    "project_number": "987205487901",
    "project_id": "motive-efc2a",
    "storage_bucket": "motive-efc2a.appspot.com"
  },
  "client": [
    {
      "client_info": {
        "mobilesdk_app_id": "1:987205487901:android:f59c656a96a2d7e63d65f4",
        "android_client_info": {
          "package_name": "kr.co.company.it_maverick"
        }
      },
      "oauth_client": [
        {
          "client_id": "987205487901-pr7c9h8ai50mvju8tsp8u53t0l6u75sa.apps.googleusercontent.com",
          "client_type": 3
        }
      ],
      "api_key": [
        {
          "current_key": "AIzaSyBnUg0fRUcTDy9VKTLU4wnE8e_lv0N7Wdg"
        }
      ],
      "services": {
        "appinvite_service": {
          "other_platform_oauth_client": [
            {
              "client_id": "987205487901-pr7c9h8ai50mvju8tsp8u53t0l6u75sa.apps.googleusercontent.com",
              "client_type": 3
            }
          ]
        }
      }
    }
  ],
  "configuration_version": "1"
}